<?xml version="1.0" encoding="ISO-8859-1"?>
<metadata>
	<idinfo>
		<citation>
			<citeinfo>
				<origin>Missouri Dept of Health and Senior Services - data = Section for Long Term Care</origin>
				<pubdate>February 2008</pubdate>
				<title>Adult Day Care</title>
				<edition>3</edition>
				<geoform>vector digital data</geoform>
				<othercit>Created from information provided by Sally McKee, DHSS, DRL Section for LTC.</othercit>
				<onlink>\\DHSSNAS\VOL1\DATABASE\GISDATA\Facility\daycare_Adult.shp</onlink>
			</citeinfo>
		</citation>
		<descript>
			<abstract>Adult Day Cares</abstract>
			<purpose>Adult Day care facilities</purpose>
			<supplinf>Some long term care facility offer adult day care.  Positions located by address using Centrus Geocoder for ArcGIS geocoding software.</supplinf>
		</descript>
		<timeperd>
			<timeinfo>
				<sngdate>
					<caldate>February 2008</caldate>
				</sngdate>
			</timeinfo>
			<current>publication date</current>
		</timeperd>
		<status>
			<progress>Complete</progress>
			<update>Annually</update>
		</status>
		<spdom>
			<bounding>
				<westbc>-94.597449</westbc>
				<eastbc>-89.435045</eastbc>
				<northbc>39.243159</northbc>
				<southbc>36.596053</southbc>
			</bounding>
		</spdom>
		<keywords>
			<theme>
				<themekey>Day Cares</themekey>
				<themekey>senior</themekey>
				<themekey>Adult</themekey>
			</theme>
			<place>
				<placekey>state of Missouri</placekey>
			</place>
			<temporal>
				<tempkey>2008</tempkey>
			</temporal>
		</keywords>
		<accconst>Data will not be made available for download.  Interested parties should send an email inquiry to GISsupport@dhss.mo.gov.</accconst>
		<useconst>Since some long term care facilities offer adult day care services, some sites will appear in both a long term care (nursing home) layer as well as the adult day care layer.  Positional accuracy will vary.</useconst>
		<ptcontac>
			<cntinfo>
				<cntperp>
					<cntper>Tracy Schloss</cntper>
					<cntorg>Missouri Dept of Health and Senior Services</cntorg>
				</cntperp>
				<cntpos>GIS Specialist</cntpos>
				<cntaddr>
					<addrtype>mailing and physical address</addrtype>
					<address>920 Wildwood</address>
					<address>PO Box 570</address>
					<city>Jefferson City</city>
					<state>MO</state>
					<postal>65102-0570</postal>
					<country>USA</country>
				</cntaddr>
				<cntvoice>573-522-5654</cntvoice>
				<cntemail>Tracy.Schloss@dhss.mo.gov</cntemail>
				<hours>M-F 8-5</hours>
			</cntinfo>
		</ptcontac>
		<native>Microsoft Windows XP Version 5.1 (Build 2600) Service Pack 2; ESRI ArcCatalog 9.2.2.1350</native>
	</idinfo>
	<dataqual>
		<lineage>
			<procstep>
				<procdesc>Excel data provided by program converted to Access table</procdesc>
			</procstep>
			<procstep>
				<procdesc>Table loaded into ArcMap</procdesc>
			</procstep>
			<procstep>
				<procdesc>Data geocoded using Centrus Geocoder for ArcGIS; personal geodatabase file created</procdesc>
				<procdate>May 2007</procdate>
			</procstep>
			<procstep>
				<procdesc>addresses with ZIP centroid locations are cross referenced with www.local.google.com. Locations for sites corrected to address.  These are given the Loc_Code = MAP</procdesc>
				<procdate>May 2007</procdate>
			</procstep>
			<procstep>
				<procdesc>Table was joined to county boundary layer with a spatial join to check for correct county name provided in original data.  Discrepencies were identified and corrected.</procdesc>
				<procdate>May 2007</procdate>
			</procstep>
			<procstep>
				<procdesc>Fields from geocoder stripped (Arc_ fields) and cryptic location codes changed from Centrus Geocoder style codes to simplified codes used by DHSS</procdesc>
				<procdate>May 2007</procdate>
			</procstep>
			<procstep>
				<procdesc>Personal geodatabase is exported to shape file.</procdesc>
				<procdate>May 2007</procdate>
			</procstep>
			<procstep>
				<procdesc>Metadata for April 2007 adult day care layer is exported to text.  Process steps are edited.</procdesc>
				<procdate>May 2007</procdate>
			</procstep>
			<procstep>
				<procdesc>Shape file is copied from temporary workspace into facility directory located at DHSS as M:\GISDATA\FAcility.  Shape file from April 2007 is deleted. New file is copied to daycare_Adult.shp in its place.</procdesc>
				<procdate>May 2007</procdate>
			</procstep>
			<procstep>
				<procdesc>Shape file is also copied into SDE for use in IMS sites.</procdesc>
			</procstep>
			<procstep>
				<procdesc>Excel file for 2008 adult day cares received from Section for Long Term Care Regulation.  File is imported into Access database.  State column is added and populated with state = MO.</procdesc>
				<procdate>Feb 13, 2008</procdate>
			</procstep>
			<procstep>
				<procdesc>Access is brought into ArcView, geocoded into shape file using Centrus Geocoder for ArcGIS.  Attributes are exported back to a table.  In Access, records from 2007 with loc_code = MAP are identified.  Where available, researched location from 2007 were written over the centroid locations returned by the geocoder.</procdesc>
				<procdate>March 3, 2008</procdate>
			</procstep>
			<procstep>
				<procdesc>Process_Date   March 3, 2008</procdesc>
			</procstep>
			<procstep>
				<procdesc>County names were verified to county boundaries and edited as necessary to be correct.  Names were changed to mixed case in the process.</procdesc>
				<procdate>March 3, 2008</procdate>
			</procstep>
			<procstep>
				<procdesc>Metadata from 2007 adult day cares was exported to text and updated for 2008.  Metadata in text form imported back into shape file.  Shape file from 2008 copied from data development folder into M:\GISDATA\Facility.  Previous year was renamed and new file put in its place.</procdesc>
				<procdate>March 3, 2008</procdate>
			</procstep>
			<procstep><procdesc Sync="TRUE">Metadata imported.</procdesc><srcused Sync="TRUE">C:\DOCUME~1\schlot\LOCALS~1\Temp\xml5D.tmp</srcused><date Sync="TRUE">20080303</date><time Sync="TRUE">16032400</time></procstep><procstep><procdesc Sync="TRUE">Dataset copied.</procdesc><srcused Sync="TRUE">M:\GISADMIN\DataDev\AdultDayCare\daycareAdult08</srcused><date Sync="TRUE">20080303</date><time Sync="TRUE">16041300</time></procstep><procstep><procdesc Sync="TRUE">Dataset copied.</procdesc><srcused Sync="TRUE">M:\GISDATA\Facility\daycareAdult</srcused><date Sync="TRUE">20080501</date><time Sync="TRUE">14005800</time></procstep></lineage>
	</dataqual>
	<spdoinfo>
		<direct>Vector</direct>
		<ptvctinf>
			<sdtsterm>
				<sdtstype>Entity point</sdtstype>
				<ptvctcnt>95</ptvctcnt>
			</sdtsterm>
		</ptvctinf>
	</spdoinfo>
	<spref>
		<horizsys>
			<planar>
				<gridsys>
					<gridsysn>Universal Transverse Mercator</gridsysn>
					<utm>
						<utmzone>15</utmzone>
						<transmer>
							<sfctrmer>0.999600</sfctrmer>
							<longcm>-93.000000</longcm>
							<latprjo>0.000000</latprjo>
							<feast>500000.000000</feast>
							<fnorth>0.000000</fnorth>
						</transmer>
					</utm>
				</gridsys>
				<planci>
					<plance>coordinate pair</plance>
					<coordrep>
						<absres>0.000000</absres>
						<ordres>0.000000</ordres>
					</coordrep>
					<plandu>meters</plandu>
				</planci>
			</planar>
			<geodetic>
				<horizdn>North American Datum of 1983</horizdn>
				<ellips>Geodetic Reference System 80</ellips>
				<semiaxis>6378137.000000</semiaxis>
				<denflat>298.257222</denflat>
			</geodetic>
		</horizsys>
		<vertdef>
			<altsys>
				<altres>1.000000</altres>
				<altenc>Explicit elevation coordinate included with horizontal coordinates</altenc>
			</altsys>
		</vertdef>
	</spref>
	<eainfo>
		<detailed>
			<enttyp>
				<enttypl>Adult Day Care</enttypl>
			</enttyp>
			<attr>
				<attrlabl>Shape</attrlabl>
				<attrdef>Feature geometry.</attrdef>
				<attrdefs>ESRI</attrdefs>
				<attrdomv>
					<udom>Coordinates defining the features.</udom>
				</attrdomv>
			</attr>
			<attr>
				<attrlabl>Facility</attrlabl>
				<attrdef>Name of the facility</attrdef>
			</attr>
			<attr>
				<attrlabl>Address</attrlabl>
			</attr>
			<attr>
				<attrlabl>CITY</attrlabl>
			</attr>
			<attr>
				<attrlabl>STATE</attrlabl>
			</attr>
			<attr>
				<attrlabl>ZIP</attrlabl>
			</attr>
			<attr>
				<attrlabl>COUNTY</attrlabl>
				<attrdef>County where facility is located as returned from spatial join to county boundary</attrdef>
			</attr>
			<attr>
				<attrlabl>Capacity</attrlabl>
				<attrdef>Licensed number of adults center can accept</attrdef>
			</attr>
			<attr>
				<attrlabl>Latitude</attrlabl>
				<attrdef>Latitude in NAD83, decimal degrees</attrdef>
				<attrdefs>Centrus Geocoder for ArcGIS</attrdefs>
			</attr>
			<attr>
				<attrlabl>Longitude</attrlabl>
				<attrdef>Longitude in NAD83, decimal degrees</attrdef>
				<attrdefs>Centrus Geocoder for ArcGIS</attrdefs>
			</attr>
			<attr>
				<attrlabl>Loc_Code</attrlabl>
				<attrdef>Accuracy of location generated by the Centrus Geocoder for ArcGIS.</attrdef>
				<attrdomv>
					<edom>
						<edomv>CENT</edomv>
						<edomvd>Location approximated, but centrally located in general vicinity of address.</edomvd>
						<edomvds>DHSS</edomvds>
					</edom>
					<edom>
						<edomv>GEO</edomv>
						<edomvd>Location provided by address matching.  Address assigned to a specific location along a road segment.</edomvd>
						<edomvds>DHSS</edomvds>
					</edom>
					<edom>
						<edomv>MAP</edomv>
						<edomvd>Location based on additional research, either maps.google.com or photo identified against 2006 aerial photography (NAIP imagery)</edomvd>
					</edom>
				</attrdomv>
			</attr>
		</detailed>
	</eainfo>
	<distinfo>
		<resdesc>Data will not be made available for download.  Interested parties should send an email inquiry to GISsupport@dhss.mo.gov.</resdesc>
		<stdorder>
			<digform>
				<digtinfo>
					<transize>2.204</transize>
				</digtinfo>
			</digform>
		</stdorder>
	</distinfo>
	<metainfo>
		<metd>20080303</metd>
		<metc>
			<cntinfo>
				<cntorgp>
					<cntorg>Missouri Dept of Health and Senior Services</cntorg>
					<cntper>Tracy Schloss</cntper>
				</cntorgp>
				<cntpos>GIS Specialist</cntpos>
				<cntaddr>
					<addrtype>mailing and physical address</addrtype>
					<address>920 Wildwood</address>
					<address>PO Box 570</address>
					<city>Jefferson City</city>
					<state>MO</state>
					<postal>65102-0570</postal>
					<country>USA</country>
				</cntaddr>
				<cntvoice>573-522-5654</cntvoice>
				<cntemail>Tracy.Schloss@dhss.mo.gov</cntemail>
				<hours>M-F 8-5</hours>
			</cntinfo>
		</metc>
		<metstdn>FGDC Content Standards for Digital Geospatial Metadata</metstdn>
		<metstdv>FGDC-STD-001-1998</metstdv>
		<mettc>local time</mettc>
		<metextns>
			<onlink>http://www.esri.com/metadata/esriprof80.html</onlink>
			<metprof>ESRI Metadata Profile</metprof>
		</metextns>
	</metainfo>
	<Esri><CreaDate>20080501</CreaDate><CreaTime>14005800</CreaTime><SyncOnce>TRUE</SyncOnce><ModDate>20080425</ModDate><ModTime>13391300</ModTime><MetaID>{BCF80ACC-FB98-4954-860B-A5A9C9E5FBE3}</MetaID></Esri><mdDateSt Sync="TRUE">20080425</mdDateSt><distInfo><distributor><distorTran><onLineSrc><linkage Sync="TRUE">file://\\DHSS021222\C\GIS\Delivery\L_estabrooks050108\daycareAdult</linkage><protocol Sync="TRUE">Local Area Network</protocol></onLineSrc></distorTran></distributor></distInfo></metadata>
