<?xml version="1.0" encoding="ISO-8859-1"?>
<metadata>
	<idinfo>
		<citation>
			<citeinfo>
				<origin>MO Dept of Health &amp; Senior Service</origin>
				<pubdate>2008</pubdate>
				<title>Dialysis facility</title>
				<geoform>vector digital data</geoform>
				<onlink>\\DHSSNAS\VOL1\DATABASE\GISDATA\Facility\dialysis.shp</onlink>
			</citeinfo>
		</citation>
		<descript>
			<abstract>Location of Dialysis Clinics in Missouri</abstract>
			<purpose>Provides the locations of facilities that provide stations for end stage renal disease (ESRD), also known as dialysis.</purpose>
			<supplinf>

All information provided by Department of Health and Senior Services, Division of Senior Services and Regulation, Section for Health Standards and Licensure.

Locations generated using Sagent geocoding software.  Not all locations are placed to a specific street segment.  Please check Loc_Code for location code definitions.</supplinf>
		</descript>
		<timeperd>
			<timeinfo>
				<sngdate>
					<caldate>February 2008</caldate>
				</sngdate>
			</timeinfo>
			<current>publication date</current>
		</timeperd>
		<status>
			<progress>Complete</progress>
			<update>Annually</update>
		</status>
		<spdom>
			<bounding>
				<westbc>-94.873275</westbc>
				<eastbc>-89.540226</eastbc>
				<northbc>40.316907</northbc>
				<southbc>36.225285</southbc>
			</bounding>
		</spdom>
		<keywords>
			<theme>
				<themekt>none</themekt>
				<themekey>Dialysis</themekey>
				<themekey>ESRD</themekey>
				<themekey>End Stage Renal Disease</themekey>
				<themekey>kidney</themekey>
			</theme>
			<place>
				<placekey>State of Missouri</placekey>
			</place>
			<temporal>
				<tempkey>2008</tempkey>
			</temporal>
		</keywords>
		<accconst>Data will not be made available for download.  Interested parties should send an email inquiry to GISsupport@dhss.mo.gov.</accconst>
		<useconst>none</useconst>
		<ptcontac>
			<cntinfo>
				<cntorgp>
					<cntorg>Mo Dept of Health &amp; Senior Services</cntorg>
					<cntper>Tracy Schloss</cntper>
				</cntorgp>
				<cntpos>GIS Specialist</cntpos>
				<cntaddr>
					<addrtype>physical address</addrtype>
					<address>920 Wildwood</address>
					<city>Jefferson City</city>
					<state>MO</state>
					<postal>65109</postal>
					<country>USA</country>
				</cntaddr>
				<cntvoice>573-522-5654</cntvoice>
				<cntemail>tracy.schloss@dhss.mo.gov</cntemail>
			</cntinfo>
		</ptcontac>
		<native>Microsoft Windows XP Version 5.1 (Build 2600) Service Pack 2; ESRI ArcCatalog 9.2.4.1420</native>
	</idinfo>
	<dataqual>
		<lineage>
			<procstep>
				<procdesc>Excel data provided by program converted to Access table</procdesc>
				<procdate>May 2007</procdate>
			</procstep>
			<procstep>
				<procdesc>Facility IDs from previous year (2006) was used to determine which facilities were closed and which facilities were newly opened.</procdesc>
			</procstep>
			<procstep>
				<procdesc>Table of new addresses was geocoded using Centrus Geocoder for ArcGIS; personal geodatabase file created</procdesc>
				<procdate>May 2007</procdate>
			</procstep>
			<procstep>
				<procdesc>Copy of 2006 dialysis layer was created as a temp version.</procdesc>
				<procdate>May 2007</procdate>
			</procstep>
			<procstep>
				<procdesc>Facilities that had closed since last data update were deleted from temp file.</procdesc>
				<procdate>May 2007</procdate>
			</procstep>
			<procstep>
				<procdesc>New addresses geocoded in previous step were appended to temp file.</procdesc>
			</procstep>
			<procstep>
				<procdesc>Table was joined to county boundary layer with a spatial join to check for correct county name provided in original data.  Discrepencies were identified and corrected.</procdesc>
				<procdate>May 2007</procdate>
			</procstep>
			<procstep>
				<procdesc>Personal geodatabase is exported to shape file.</procdesc>
				<procdate>May 2007</procdate>
			</procstep>
			<procstep>
				<procdesc>Metadata for 2006 dialysis layer is exported to text.  Process steps are added.</procdesc>
				<procdate>May 2007</procdate>
			</procstep>
			<procstep>
				<procdesc>Shape file is copied from temporary workspace into facility directory located at DHSS as M:\GISDATA\FAcility.  Shape file from 2006 is renamed from dialysis.shp to dialysis06.shp.  File for 2007 is given the name dialysis.shp in its place.</procdesc>
				<procdate>May 2007</procdate>
			</procstep>
			<procstep>
				<procdesc>Shape file is also copied into SDE for use in IMS sites.</procdesc>
			</procstep>
			<procstep>
				<procdesc>Excel file for 2008 received from Division of Regulation and Licensure.</procdesc>
				<procdate>April 7, 2008</procdate>
			</procstep>
			<procstep>
				<procdesc>Excel file imported into Access. Records compared to 2007 list.  New sites are put in separate file for processing.  Access query is used to combine data from 2008 with the latitude/longitude previously collected.  New table is created.</procdesc>
				<procdate>April 7, 2008</procdate>
			</procstep>
			<procstep>
				<procdesc>File of new sites is processed in ArcMap with the Centrus Geocoder for ArcGIS.  (There were 7.)  Latitude and Longitude coordinates were copied into the new table created in the previous step.  Table is used to generate XY events.  This event layer was exported to a personal geodatabase file.</procdesc>
				<procdate>April 7, 2008</procdate>
			</procstep>
			<procstep>
				<procdesc>Facilities with a centroid level match are researched using google.com.  Positions are adjusted to a specific address.  Facilities that are within hospitals are also moved to coincide with the locations of these points in the hospital level.</procdesc>
				<procdate>April 7, 2008</procdate>
			</procstep>
			<procstep>
				<procdesc>Metadata from 2007 version of this layer edited for 2008.</procdesc>
				<procdate>April 8, 2008</procdate>
			</procstep>
			<procstep>
				<procdesc>Personal geodatabase file exported to shape file format and copied to M:\GISDATA\Facility</procdesc>
				<procdate>April 8, 2008</procdate>
			</procstep>
			<procstep><procdesc Sync="TRUE">Metadata imported.</procdesc><srcused Sync="TRUE">C:\DOCUME~1\schlot\LOCALS~1\Temp\xml2F.tmp</srcused><date Sync="TRUE">20080408</date><time Sync="TRUE">09034100</time></procstep><procstep><procdesc Sync="TRUE">Dataset copied.</procdesc><srcused Sync="TRUE">M:\GISADMIN\DataDev\Dialysis\dialysis08</srcused><date Sync="TRUE">20080408</date><time Sync="TRUE">09054100</time></procstep><procstep><procdesc Sync="TRUE">Dataset copied.</procdesc><srcused Sync="TRUE">M:\GISDATA\Facility\dialysis</srcused><date Sync="TRUE">20080501</date><time Sync="TRUE">14011700</time></procstep></lineage>
	</dataqual>
	<spdoinfo>
		<direct>Vector</direct>
		<ptvctinf>
			<sdtsterm>
				<sdtstype>Entity point</sdtstype>
				<ptvctcnt>128</ptvctcnt>
			</sdtsterm>
		</ptvctinf>
	</spdoinfo>
	<spref>
		<horizsys>
			<geograph>
				<latres>0.000000</latres>
				<longres>0.000000</longres>
				<geogunit>Decimal degrees</geogunit>
			</geograph>
			<geodetic>
				<horizdn>North American Datum of 1983</horizdn>
				<ellips>Geodetic Reference System 80</ellips>
				<semiaxis>6378137.000000</semiaxis>
				<denflat>298.257222</denflat>
			</geodetic>
		</horizsys>
	</spref>
	<eainfo>
		<detailed>
			<enttyp>
				<enttypl>dialysis 2008</enttypl>
			</enttyp>
			<attr>
				<attrlabl>FID</attrlabl>
				<attrdef>Internal feature number.</attrdef>
				<attrdefs>ESRI</attrdefs>
				<attrdomv>
					<udom>Sequential unique whole numbers that are automatically generated.</udom>
				</attrdomv>
			</attr>
			<attr>
				<attrlabl>Shape</attrlabl>
				<attrdef>Feature geometry.</attrdef>
				<attrdefs>ESRI</attrdefs>
				<attrdomv>
					<udom>Coordinates defining the features.</udom>
				</attrdomv>
			</attr>
			<attr>
				<attrlabl>FAC_ID</attrlabl>
				<attrdef>Unique ID assigned by DHSS - Health Services Regulation</attrdef>
				<attrdefs>DHSS</attrdefs>
			</attr>
			<attr>
				<attrlabl>FACILITY</attrlabl>
				<attrdef>Facility Name</attrdef>
			</attr>
			<attr>
				<attrlabl>ADDRESS</attrlabl>
				<attrdef>Address of Facility</attrdef>
			</attr>
			<attr>
				<attrlabl>CITY</attrlabl>
				<attrdef>City of the facility</attrdef>
				<attrdefs>DHSS</attrdefs>
			</attr>
			<attr>
				<attrlabl>STATE</attrlabl>
				<attrdef>State of the facility</attrdef>
				<attrdefs>DHSS</attrdefs>
			</attr>
			<attr>
				<attrlabl>ZIP</attrlabl>
				<attrdef>ZIP code of the facility</attrdef>
				<attrdefs>DHSS</attrdefs>
			</attr>
			<attr>
				<attrlabl>COUNTY</attrlabl>
				<attrdef>County where facility is located</attrdef>
				<attrdefs>DHSS</attrdefs>
			</attr>
			<attr>
				<attrlabl>PHONE</attrlabl>
				<attrdef>Contact phone number of the facility</attrdef>
				<attrdefs>DHSS</attrdefs>
			</attr>
			<attr>
				<attrlabl>FAX</attrlabl>
				<attrdef>Fax Number of the facility</attrdef>
				<attrdefs>DHSS</attrdefs>
			</attr>
			<attr>
				<attrlabl>ADMIN</attrlabl>
			</attr>
			<attr>
				<attrlabl>STATIONS</attrlabl>
				<attrdef>number of end stage renal disease stations</attrdef>
			</attr>
			<attr>
				<attrlabl>LATITUDE</attrlabl>
				<attrdef>Latitude of hospital presented in decimal degrees, datum 1983</attrdef>
			</attr>
			<attr>
				<attrlabl>LONGITUDE</attrlabl>
				<attrdef>Longitude of hospital presented in decimal degrees, datum 1983</attrdef>
			</attr>
			<attr>
				<attrlabl>LOC_CODE</attrlabl>
				<attrdef>Attribute</attrdef>
				<attrdef>Accuracy of location generated by the Centrus Geocoder for ArcGIS.</attrdef>
				<attrdomv>
					<edom>
						<edomv>CENT</edomv>
						<edomvd>Location approximated, but centrally located in general vicinity of address.</edomvd>
						<edomvds>DHSS</edomvds>
					</edom>
					<edom>
						<edomv>GEO</edomv>
						<edomvd>Location provided by address matching.  Address assigned to a specific location along a road segment.</edomvd>
						<edomvds>DHSS</edomvds>
					</edom>
					<edom>
						<edomv>MAP</edomv>
						<edomvd>Location refined using 2004 NAIP Aerial Photography.</edomvd>
						<edomvds>DHSS</edomvds>
					</edom>
				</attrdomv>
			</attr>
		</detailed>
	</eainfo>
	<distinfo>
		<resdesc>Data will not be made available for download.  Interested parties should send an email inquiry to GISsupport@dhss.mo.gov.</resdesc>
		<stdorder>
			<digform>
				<digtinfo>
					<transize>0.003</transize>
				</digtinfo>
			</digform>
		</stdorder>
	</distinfo>
	<metainfo>
		<metd>20080408</metd>
		<metc>
			<cntinfo>
				<cntorgp>
					<cntorg>Mo Dept of Health &amp; Senior Services</cntorg>
					<cntper>Tracy Schloss</cntper>
				</cntorgp>
				<cntpos>GIS Specialist</cntpos>
				<cntaddr>
					<addrtype>physical address</addrtype>
					<address>920 Wildwood</address>
					<city>Jefferson City</city>
					<state>MO</state>
					<postal>65109</postal>
				</cntaddr>
				<cntvoice>573-522-5654</cntvoice>
				<cntemail>tracy.schloss@dhss.mo.gov</cntemail>
			</cntinfo>
		</metc>
		<metstdn>FGDC Content Standards for Digital Geospatial Metadata</metstdn>
		<metstdv>FGDC-STD-001-1998</metstdv>
		<mettc>local time</mettc>
		<metextns>
			<onlink>http://www.esri.com/metadata/esriprof80.html</onlink>
			<metprof>ESRI Metadata Profile</metprof>
		</metextns>
	</metainfo>
	<Esri><CreaDate>20080501</CreaDate><CreaTime>14011700</CreaTime><SyncOnce>TRUE</SyncOnce><ModDate>20080425</ModDate><ModTime>13393900</ModTime><MetaID>{8C84CD4F-33F6-4CF9-B775-C04890582489}</MetaID></Esri><mdDateSt Sync="TRUE">20080425</mdDateSt><distInfo><distributor><distorTran><onLineSrc><linkage Sync="TRUE">file://\\DHSS021222\C\GIS\Delivery\L_estabrooks050108\dialysis</linkage><protocol Sync="TRUE">Local Area Network</protocol></onLineSrc></distorTran></distributor></distInfo></metadata>
