<?xml version="1.0" encoding="ISO-8859-1"?>
<metadata>
	<idinfo>
		<citation>
			<citeinfo>
				<origin>Missouri Dept. of Health and Senior Services - Division of Regulation and Licensure</origin>
				<origin>GIS layer created by Information Technology Services Division - GIS unit</origin>
				<origin>Trauma Center designation provided by the Bureau of Emergency Medical Services (EMS)</origin>
				<pubdate>February 2008</pubdate>
				<title>Hospitals</title>
				<edition>7</edition>
				<geoform>vector digital data</geoform>
				<othercit></othercit>
				<onlink>\\DHSSNAS\VOL1\DATABASE\GISADMIN\DataDev\Hospital\HospFeatures.mdb</onlink>
				<ftname Sync="TRUE">hospitals</ftname></citeinfo>
		</citation>
		<descript>
			<abstract>Hospital locations - 2008</abstract>
			<purpose>Location of hospitals throughout the state</purpose>
			<supplinf>
Details of bed information are provided by the Missouri Department of Health and Senior Services, Bureau of Health Facility Regulations.  Some facilities, such as VA hospitals or mental health facilities are not regulated by the Department of Health and Senior Services.  These facilities are not included.

Geographic locations were created using Sagent Geocoding software.   Quality Control by Geographic Resources Center 8/11/2003 to  refine locations provided from geocoding.

Data update -  bed information, hospital name, administrator, address 6/06/2006 from data provided on 4/2006
Progressive Hospital in O'Fallon Missouri added on 3/16/2007

Facilities updated for 2007 - Schloss

Facilities updated February 26, 2008 - Schloss
</supplinf>
			<langdata Sync="TRUE">en</langdata></descript>
		<timeperd>
			<timeinfo>
				<sngdate>
					<caldate>February 2008</caldate>
				</sngdate>
			</timeinfo>
			<current>publication date</current>
		</timeperd>
		<status>
			<progress>Complete</progress>
			<update>Annually</update>
		</status>
		<spdom>
			<bounding>
				<westbc>-95.394525</westbc>
				<eastbc>-89.384772</eastbc>
				<northbc>40.482670</northbc>
				<southbc>36.223252</southbc>
			</bounding>
			<lboundng><leftbc Sync="TRUE">296966.289815</leftbc><rightbc Sync="TRUE">806700.820247</rightbc><bottombc Sync="TRUE">4014110.960540</bottombc><topbc Sync="TRUE">4481331.120622</topbc></lboundng></spdom>
		<keywords>
			<theme>
				<themekt>hospitals</themekt>
				<themekey>hospitals</themekey>
				<themekey>emergency</themekey>
				<themekey>medical</themekey>
			</theme>
			<theme>
				<themekt>none</themekt>
			</theme>
			<place>
				<placekey>state of Missouri</placekey>
			</place>
			<temporal><tempkey>2008</tempkey></temporal></keywords>
		<accconst>Data will not be made available for download.  Interested parties should send an email inquiry to GISsupport@dhss.mo.gov.</accconst>
		<useconst>None</useconst>
		<ptcontac>
			<cntinfo>
				<cntperp>
					<cntper>Tracy Schloss</cntper>
					<cntorg>Missouri Dept of Health and Senior Services</cntorg>
				</cntperp>
				<cntpos>GIS Specialist</cntpos>
				<cntaddr>
					<addrtype>mailing and physical address</addrtype>
					<address>920 Wildwood</address>
					<address>PO Box 570</address>
					<city>Jefferson City</city>
					<state>MO</state>
					<postal>65102-0570</postal>
					<country>USA</country>
				</cntaddr>
				<cntvoice>(573) 522-5654</cntvoice>
				<cntemail>tracy.schloss@dhss.mo.gov</cntemail>
				<hours>M-F 8-5</hours>
			</cntinfo>
		</ptcontac>
		<native>Microsoft Windows XP Version 5.1 (Build 2600) Service Pack 2; ESRI ArcCatalog 9.2.2.1350</native>
		<natvform Sync="TRUE">Shapefile</natvform></idinfo>
	<dataqual>
		<posacc>
			<horizpa>
				<horizpar>Positional Accuracy is equal to 1 meter Digital Ortho Quarter Quadrangles (DOQQ) vintage 2004.</horizpar>
			</horizpa>
		</posacc>
		<lineage>
			<procstep>
				<procdesc>Excel data provided by program converted to Access table</procdesc>
			</procstep>
			<procstep>
				<procdesc>Facility IDs from previous year (2006) was used to determine which facilities were closed and which facilities were newly opened.</procdesc>
			</procstep>
			<procstep>
				<procdesc>Table of new addresses was geocoded using Centrus Geocoder for ArcGIS; personal geodatabase file created</procdesc>
				<procdate>April 2007</procdate>
			</procstep>
			<procstep>
				<procdesc>Copy of 2007 hospitals was created as a temp version.</procdesc>
				<procdate>April 2007</procdate>
			</procstep>
			<procstep>
				<procdesc>Facilities that had closed since last data update were deleted from temp file.</procdesc>
			</procstep>
			<procstep>
				<procdesc>New addresses geocoded in previous step were appended to temp file.</procdesc>
			</procstep>
			<procstep>
				<procdesc>New Locations were checked against 2004 NAIP aerial photography to refine location</procdesc>
			</procstep>
			<procstep>
				<procdesc>Table was joined to county boundary layer with a spatial join to check for correct county name provided in original data.  Descrepencies were identified and corrected.</procdesc>
				<procdate>April 2007</procdate>
			</procstep>
			<procstep>
				<procdesc>Data was copied to a new data frame with a Projection defined as Geographic Coordinates, NAD 1983.  Temp file was moved to this data frame.  Latitude and Longitude coordinates in table were updated using Hawth's tool  Add XY to table and choosing the option to use the coordinates of the data frame.</procdesc>
				<procdate>April 2007</procdate>
			</procstep>
			<procstep>
				<procdesc>Personal geodatabase is exported to shape file.</procdesc>
				<procdate>April 2007</procdate>
			</procstep>
			<procstep>
				<procdesc>Metadata for 2006 hospital layer is exported to text.  Process steps are added.</procdesc>
				<procdate>April 2007</procdate>
			</procstep>
			<procstep>
				<procdesc>Shape file is copied from temporary workspace into facility directory located at DHSS as M:\GISDATA\FAcility.  Shape file from 2006 is renamed from hospitals.shp to hospitals06.shp.  File for 2007 is given the name hospitals.shp in its place.</procdesc>
				<procdesc>Text version of metadata is imported for hospitals.</procdesc>
				<procdate>April 2007</procdate>
			</procstep>
			<procstep>
				<procdesc>Shape file is also copied into SDE for use in IMS sites.</procdesc>
			</procstep>
			<procstep>
				<procdesc>Two hospitals in Independence are closed.  New hospital opened:  Centerpoint Medical Center 19600 E 39th St, Independence MO</procdesc>
				<procdate>May 11, 2007</procdate>
			</procstep>
			<procstep>
				<procdesc>Excel file for 2008 received from Division of Regulation and Licensure.</procdesc>
				<procdate>Feb 8, 2008</procdate>
			</procstep>
			<procstep>
				<procdesc>Excel file imported into Access. Records compared to 2007 list.  New sites are put in separate file for processing.  Access query is used to combine data from 2008 with the latitude/longitude previously collected.  New table is created.</procdesc>
				<procdate>Feb 25, 2008</procdate>
			</procstep>
			<procstep>
				<procdesc>File of new sites is processed in ArcMap with the Centrus Geocoder for ArcGIS.  (There were 3.)  Latitude and Longitude coordinates were copied into the new table created in the previous step.  Table is used to generate XY events.  This event layer was exported to a personal geodatabase file.</procdesc>
				<procdate>Feb 26, 2008</procdate>
			</procstep>
			<procstep>
				<procdesc>Trauma Center field, TRAUMA LEVEL, is checked against latest list from Bureau of EMS.  Changes to this attribute were made based on this information.</procdesc>
				<procdate>Feb 26, 2008</procdate>
			</procstep>
			<procstep>
				<procdesc>Metadata from 2007 version of this layer edited for 2008.</procdesc>
				<procdate>Feb 26, 2008</procdate>
			</procstep>
			<procstep>
				<procdesc>Personal geodatabase file exported to shape file format and copied to M:\GISDATA\Facility</procdesc>
				<srcused>M:\GISDATA\Facility\hospitals.shp.xml</srcused>
				<procdate>Feb 26, 2008</procdate>
			</procstep>
			<procstep><procdesc Sync="TRUE">Metadata imported.</procdesc><srcused Sync="TRUE">C:\DOCUME~1\schlot\LOCALS~1\Temp\xml32.tmp</srcused><date Sync="TRUE">20080226</date><time Sync="TRUE">14443600</time></procstep><procstep><procdesc Sync="TRUE">Dataset copied.</procdesc><srcused Sync="TRUE">M:\GISDATA\Facility\hospitals</srcused><date Sync="TRUE">20080501</date><time Sync="TRUE">14022000</time></procstep></lineage>
	</dataqual>
	<spdoinfo>
		<direct>Vector</direct>
		<ptvctinf>
			<sdtsterm Name="hospitals">
				<sdtstype>Entity point</sdtstype>
				<ptvctcnt>162</ptvctcnt>
			</sdtsterm>
			<sdtsterm>
				<sdtstype>Point</sdtstype>
				<ptvctcnt>4</ptvctcnt>
			</sdtsterm>
			<esriterm Name="hospitals"><efeatyp Sync="TRUE">Simple</efeatyp><efeageom Sync="TRUE">Point</efeageom><esritopo Sync="TRUE">FALSE</esritopo><efeacnt Sync="TRUE">162</efeacnt><spindex Sync="TRUE">TRUE</spindex><linrefer Sync="TRUE">FALSE</linrefer></esriterm></ptvctinf>
	</spdoinfo>
	<spref>
		<horizsys>
			<planar>
				<planci>
					<plance>coordinate pair</plance>
					<coordrep>
						<absres>0.000245</absres>
						<ordres>0.000245</ordres>
					</coordrep>
					<plandu>meters</plandu>
				</planci>
				<gridsys><gridsysn Sync="TRUE">Universal Transverse Mercator</gridsysn><utm><utmzone Sync="TRUE">15</utmzone><transmer><sfctrmer Sync="TRUE">0.999600</sfctrmer><longcm Sync="TRUE">-93.000000</longcm><latprjo Sync="TRUE">0.000000</latprjo><feast Sync="TRUE">500000.000000</feast><fnorth Sync="TRUE">0.000000</fnorth></transmer></utm></gridsys></planar>
			<geodetic>
				<horizdn>North American Datum of 1983</horizdn>
				<ellips>Geodetic Reference System 80</ellips>
				<semiaxis>6378137.000000</semiaxis>
				<denflat>298.257222</denflat>
			</geodetic>
			<cordsysn><geogcsn Sync="TRUE">GCS_North_American_1983</geogcsn><projcsn Sync="TRUE">NAD_1983_UTM_Zone_15N</projcsn></cordsysn></horizsys>
		<vertdef>
			<altsys>
				<altres>1.000000</altres>
				<altenc>Explicit elevation coordinate included with horizontal coordinates</altenc>
			</altsys>
		</vertdef>
	</spref>
	<eainfo>
		<detailed Name="hospitals">
			<enttyp>
				<enttypl>Hospitals</enttypl>
				<enttypt Sync="TRUE">Feature Class</enttypt><enttypc Sync="TRUE">162</enttypc></enttyp>
			<attr><attrlabl Sync="TRUE">FID</attrlabl><attalias Sync="TRUE">FID</attalias><attrtype Sync="TRUE">OID</attrtype><attwidth Sync="TRUE">4</attwidth><atprecis Sync="TRUE">0</atprecis><attscale Sync="TRUE">0</attscale><attrdef Sync="TRUE">Internal feature number.</attrdef><attrdefs Sync="TRUE">ESRI</attrdefs><attrdomv><udom Sync="TRUE">Sequential unique whole numbers that are automatically generated.</udom></attrdomv></attr><attr>
				<attrlabl>Shape</attrlabl>
				<attrdef>Feature geometry.</attrdef>
				<attrdefs>ESRI</attrdefs>
				<attrdomv>
					<udom>Coordinates defining the features.</udom>
				</attrdomv>
				<attalias Sync="TRUE">Shape</attalias><attrtype Sync="TRUE">Geometry</attrtype><attwidth Sync="TRUE">0</attwidth><atprecis Sync="TRUE">0</atprecis><attscale Sync="TRUE">0</attscale></attr>
			<attr>
				<attrlabl>FAC_ID</attrlabl>
				<attrdef>Unique ID assigned by DHSS - Health Services Regulation</attrdef>
				<attrdefs>DHSS</attrdefs>
				<attrtype Sync="TRUE">String</attrtype><attwidth Sync="TRUE">5</attwidth><attalias Sync="TRUE">FAC_ID</attalias></attr>
			<attr>
				<attrlabl>FACILITY</attrlabl>
				<attrdef>Name of the hospital</attrdef>
				<attrdefs>DHSS</attrdefs>
				<attrtype Sync="TRUE">String</attrtype><attwidth Sync="TRUE">75</attwidth><attalias Sync="TRUE">FACILITY</attalias></attr>
			<attr>
				<attrlabl>ADDRESS</attrlabl>
				<attrdef>Address of the hospital</attrdef>
				<attrdefs>DHSS</attrdefs>
				<attrtype Sync="TRUE">String</attrtype><attwidth Sync="TRUE">50</attwidth><attalias Sync="TRUE">ADDRESS</attalias></attr>
			<attr>
				<attrlabl>CITY</attrlabl>
				<attrdef>City of the hospital</attrdef>
				<attrdefs>DHSS</attrdefs>
				<attrtype Sync="TRUE">String</attrtype><attwidth Sync="TRUE">35</attwidth><attalias Sync="TRUE">CITY</attalias></attr>
			<attr>
				<attrlabl>STATE</attrlabl>
				<attrdef>State of the hospital</attrdef>
				<attrdefs>DHSS</attrdefs>
				<attrtype Sync="TRUE">String</attrtype><attwidth Sync="TRUE">8</attwidth><attalias Sync="TRUE">STATE</attalias></attr>
			<attr>
				<attrlabl>ZIP</attrlabl>
				<attrdef>ZIP code of the hospital</attrdef>
				<attrdefs>DHSS</attrdefs>
				<attrtype Sync="TRUE">String</attrtype><attwidth Sync="TRUE">12</attwidth><attalias Sync="TRUE">ZIP</attalias></attr>
			<attr>
				<attrlabl>COUNTY</attrlabl>
				<attrdef>County where hospital is located</attrdef>
				<attrdefs>DHSS</attrdefs>
				<attrtype Sync="TRUE">String</attrtype><attwidth Sync="TRUE">25</attwidth><attalias Sync="TRUE">COUNTY</attalias></attr>
			<attr>
				<attrlabl>PHONE</attrlabl>
				<attrdef>Contact phone number of the hospital</attrdef>
				<attrdefs>DHSS</attrdefs>
				<attrtype Sync="TRUE">String</attrtype><attwidth Sync="TRUE">25</attwidth><attalias Sync="TRUE">PHONE</attalias></attr>
			<attr>
				<attrlabl>FAX</attrlabl>
				<attrdef>Fax Number of the hospital</attrdef>
				<attrdefs>DHSS</attrdefs>
				<attrtype Sync="TRUE">String</attrtype><attwidth Sync="TRUE">25</attwidth><attalias Sync="TRUE">FAX</attalias></attr>
			<attr>
				<attrlabl>ADMIN</attrlabl>
				<attrdef>Administrator of the hospital</attrdef>
				<attrdefs>DHSS</attrdefs>
				<attrtype Sync="TRUE">String</attrtype><attwidth Sync="TRUE">50</attwidth><attalias Sync="TRUE">ADMIN</attalias></attr>
			<attr>
				<attrlabl>TYPE</attrlabl>
				<attrdef>Type of hospital</attrdef>
				<attrdefs>DHSS</attrdefs>
				<attrtype Sync="TRUE">String</attrtype><attwidth Sync="TRUE">35</attwidth><attalias Sync="TRUE">TYPE</attalias></attr>
			<attr>
				<attrlabl>TOTAL_BEDS</attrlabl>
				<attrdef>Total number of licensed beds</attrdef>
				<attrdefs>DHSS</attrdefs>
				<attrtype Sync="TRUE">Float</attrtype><attwidth Sync="TRUE">19</attwidth><attalias Sync="TRUE">TOTAL_BEDS</attalias><atnumdec Sync="TRUE">11</atnumdec></attr>
			<attr>
				<attrlabl>MED_SURGIC</attrlabl>
				<attrdef>Total number of licensed medical / surgical beds</attrdef>
				<attrdefs>DHSS</attrdefs>
				<attrtype Sync="TRUE">Float</attrtype><attwidth Sync="TRUE">19</attwidth><attalias Sync="TRUE">MED_SURGIC</attalias><atnumdec Sync="TRUE">11</atnumdec></attr>
			<attr>
				<attrlabl>PEDIATRIC</attrlabl>
				<attrdef>Total number of licensed pediatric beds</attrdef>
				<attrdefs>DHSS</attrdefs>
				<attrtype Sync="TRUE">Float</attrtype><attwidth Sync="TRUE">19</attwidth><attalias Sync="TRUE">PEDIATRIC</attalias><atnumdec Sync="TRUE">11</atnumdec></attr>
			<attr>
				<attrlabl>ICU_CCU</attrlabl>
				<attrdef>Total number of licensed intensive care unit beds</attrdef>
				<attrdefs>DHSS</attrdefs>
				<attrtype Sync="TRUE">Float</attrtype><attwidth Sync="TRUE">19</attwidth><attalias Sync="TRUE">ICU_CCU</attalias><atnumdec Sync="TRUE">11</atnumdec></attr>
			<attr>
				<attrlabl>ALC_SUB</attrlabl>
				<attrdef>Total number of licensed alcohol or drug treatment beds</attrdef>
				<attrdefs>DHSS</attrdefs>
				<attrtype Sync="TRUE">Float</attrtype><attwidth Sync="TRUE">19</attwidth><attalias Sync="TRUE">ALC_SUB</attalias><atnumdec Sync="TRUE">11</atnumdec></attr>
			<attr>
				<attrlabl>OB</attrlabl>
				<attrdef>Total number of licensed obstetric beds</attrdef>
				<attrdefs>DHSS</attrdefs>
				<attrtype Sync="TRUE">Float</attrtype><attwidth Sync="TRUE">19</attwidth><attalias Sync="TRUE">OB</attalias><atnumdec Sync="TRUE">11</atnumdec></attr>
			<attr>
				<attrlabl>REHAB</attrlabl>
				<attrdef>Total number of licensed rehabilitation beds</attrdef>
				<attrdefs>DHSS</attrdefs>
				<attrtype Sync="TRUE">Float</attrtype><attwidth Sync="TRUE">19</attwidth><attalias Sync="TRUE">REHAB</attalias><atnumdec Sync="TRUE">11</atnumdec></attr>
			<attr>
				<attrlabl>PSYCH</attrlabl>
				<attrdef>Total number of licensed psychiatric beds</attrdef>
				<attrdefs>DHSS</attrdefs>
				<attrtype Sync="TRUE">Float</attrtype><attwidth Sync="TRUE">19</attwidth><attalias Sync="TRUE">PSYCH</attalias><atnumdec Sync="TRUE">11</atnumdec></attr>
			<attr>
				<attrlabl>NEO_NAT</attrlabl>
				<attrdef>Total number of licensed neo-natal intensive care unit beds</attrdef>
				<attrdefs>DHSS</attrdefs>
				<attrtype Sync="TRUE">Float</attrtype><attwidth Sync="TRUE">19</attwidth><attalias Sync="TRUE">NEO_NAT</attalias><atnumdec Sync="TRUE">11</atnumdec></attr>
			<attr>
				<attrlabl>LTC_BEDS</attrlabl>
				<attrdef>Total number of licensed long term care beds</attrdef>
				<attrtype Sync="TRUE">Float</attrtype><attwidth Sync="TRUE">19</attwidth><attalias Sync="TRUE">LTC_BEDS</attalias><atnumdec Sync="TRUE">11</atnumdec></attr>
			<attr>
				<attrlabl>LICSUSPEND</attrlabl>
				<attrdef>Is licensed suspended?</attrdef>
				<attrdefs>DHSS</attrdefs>
				<attrtype Sync="TRUE">String</attrtype><attwidth Sync="TRUE">8</attwidth><attalias Sync="TRUE">LICSUSPEND</attalias></attr>
			<attr>
				<attrlabl>SWINGBEDS</attrlabl>
				<attrdef>Does hospitals have swing beds?</attrdef>
				<attrtype Sync="TRUE">String</attrtype><attwidth Sync="TRUE">8</attwidth><attalias Sync="TRUE">SWINGBEDS</attalias></attr>
			<attr>
				<attrlabl>CRIT_ACC</attrlabl>
				<attrdef>Is hospital designated as a critical access hospital?</attrdef>
				<attrtype Sync="TRUE">String</attrtype><attwidth Sync="TRUE">8</attwidth><attalias Sync="TRUE">CRIT_ACC</attalias></attr>
			<attr>
				<attrlabl>PPSREHAB</attrlabl>
				<attrdef>Is this an inpatient rehabilitation facility?</attrdef>
				<attrtype Sync="TRUE">String</attrtype><attwidth Sync="TRUE">8</attwidth><attalias Sync="TRUE">PPSREHAB</attalias></attr>
			<attr>
				<attrlabl>PPSPSYCH</attrlabl>
				<attrdef>Does this facility provide inpatient psychological services?</attrdef>
				<attrtype Sync="TRUE">String</attrtype><attwidth Sync="TRUE">8</attwidth><attalias Sync="TRUE">PPSPSYCH</attalias></attr>
			<attr>
				<attrlabl>ACCREDITED</attrlabl>
				<attrdef>Is facility accredited by an official accreditation organization?</attrdef>
				<attrtype Sync="TRUE">String</attrtype><attwidth Sync="TRUE">8</attwidth><attalias Sync="TRUE">ACCREDITED</attalias></attr>
			<attr>
				<attrlabl>ACCREDBODY</attrlabl>
				<attrdef>Accrediting body or organization that accredited the facility</attrdef>
				<attrtype Sync="TRUE">String</attrtype><attwidth Sync="TRUE">25</attwidth><attalias Sync="TRUE">ACCREDBODY</attalias></attr>
			<attr>
				<attrlabl>CMS_PROV</attrlabl>
				<attrdef>ID number assigned by Center for Medicare and Medicaid Services</attrdef>
				<attrtype Sync="TRUE">String</attrtype><attwidth Sync="TRUE">12</attwidth><attalias Sync="TRUE">CMS_PROV</attalias></attr>
			<attr>
				<attrlabl>LIC_START</attrlabl>
				<attrdef>Start license date</attrdef>
				<attrtype Sync="TRUE">String</attrtype><attwidth Sync="TRUE">25</attwidth><attalias Sync="TRUE">LIC_START</attalias></attr>
			<attr>
				<attrlabl>LIC_EXP</attrlabl>
				<attrdef>License expiration date</attrdef>
				<attrtype Sync="TRUE">String</attrtype><attwidth Sync="TRUE">25</attwidth><attalias Sync="TRUE">LIC_EXP</attalias></attr>
			<attr>
				<attrlabl>TRAUMATYPE</attrlabl>
				<attrdef>Trauma Type hospital is equipped to handle</attrdef>
				<attrdomv>
					<edom>
						<edomv>Pediatric</edomv>
						<edomvd>Trauma services available for children only</edomvd>
						<edomvds>DHSS - Bureau of EMS</edomvds>
					</edom>
					<edom>
						<edomv>Adult/Pediatric</edomv>
						<edomvd>Trauma services available for adults and children</edomvd>
						<edomvds>DHSS - Bureau of EMS</edomvds>
					</edom>
					<edom>
						<edomv>Adult</edomv>
						<edomvd>Trauma services available for adults only</edomvd>
						<edomvds>DHSS - Bureau of EMS</edomvds>
					</edom>
				</attrdomv>
				<attrtype Sync="TRUE">String</attrtype><attwidth Sync="TRUE">25</attwidth><attalias Sync="TRUE">TRAUMATYPE</attalias></attr>
			<attr>
				<attrlabl>TRAUMALVL</attrlabl>
				<attrdef>Level of trauma support</attrdef>
				<attrdomv>
					<edom>
						<edomv>I</edomv>
						<edomvd>A Level I trauma center has a full range of specialists and equipment available 24-hours a day and admits a minimum required annual volume of severely injured patients. Additionally, a Level I center has a program of research, is a leader in trauma education and injury prevention, and is a referral resource for communities in neighboring regions community outreach).</edomvd>
						<edomvds>http://en.wikipedia.org/wiki/Trauma_center</edomvds>
					</edom>
					<edom>
						<edomv>II</edomv>
						<edomvd>A Level II trauma center works in collaboration with a Level I center. It provides comprehensive trauma care and supplements the clinical expertise of a Level I institution. It provides 24-hour availability of all essential specialties, personnel and equipment. Minimum volume requirements may depend on local conditions. These institutions are not required to have an ongoing program of research or a surgical residency program.</edomvd>
						<edomvds>http://en.wikipedia.org/wiki/Trauma_center</edomvds>
					</edom>
					<edom>
						<edomv>III</edomv>
						<edomvd>A Level III trauma center does not have the full availability of specialists, but does have resources for the emergency resuscitation, surgery and intensive care of most trauma patients. A Level III center has transfer agreements with Level I and/or Level II trauma centers that provide back-up resources for the care of exceptionally severe injuries.</edomvd>
						<edomvds>http://en.wikipedia.org/wiki/Trauma_center</edomvds>
					</edom>
				</attrdomv>
				<attrtype Sync="TRUE">String</attrtype><attwidth Sync="TRUE">4</attwidth><attalias Sync="TRUE">TRAUMALVL</attalias></attr>
			<attr>
				<attrlabl>EMS_REGION</attrlabl>
				<attrdef>Region designated by Bureau of Emergency Response</attrdef>
				<attrtype Sync="TRUE">String</attrtype><attwidth Sync="TRUE">15</attwidth><attalias Sync="TRUE">EMS_REGION</attalias></attr>
			<attr>
				<attrlabl>Team</attrlabl>
				<attrtype Sync="TRUE">String</attrtype><attwidth Sync="TRUE">25</attwidth><attalias Sync="TRUE">Team</attalias></attr>
			<attr>
				<attrlabl>LATITUDE</attrlabl>
				<attrdef>Latitude of hospital presented in decimal degrees, datum 1983</attrdef>
				<attrtype Sync="TRUE">Float</attrtype><attwidth Sync="TRUE">19</attwidth><attalias Sync="TRUE">LATITUDE</attalias><atnumdec Sync="TRUE">11</atnumdec></attr>
			<attr>
				<attrlabl>LONGITUDE</attrlabl>
				<attrdef>Longitude of hospital presented in decimal degrees, datum 1983</attrdef>
				<attrtype Sync="TRUE">Float</attrtype><attwidth Sync="TRUE">19</attwidth><attalias Sync="TRUE">LONGITUDE</attalias><atnumdec Sync="TRUE">11</atnumdec></attr>
		</detailed>
	</eainfo>
	<distinfo>
		<resdesc>Data will not be made available for download.  Interested parties should send an email inquiry to GISsupport@dhss.mo.gov.</resdesc>
		<stdorder>
			<digform>
				<digtinfo>
					<transize>0.004</transize>
					<dssize Sync="TRUE">0.004</dssize></digtinfo>
			</digform>
		</stdorder>
	</distinfo>
	<metainfo>
		<metd>20080226</metd>
		<metc>
			<cntinfo>
				<cntorgp>
					<cntorg>Missouri Dept of Health and Senior Services</cntorg>
					<cntper>Tracy Schloss</cntper>
				</cntorgp>
				<cntpos>GIS Specialist</cntpos>
				<cntaddr>
					<addrtype>mailing and physical address</addrtype>
					<address>920 Wildwood</address>
					<address>PO Box 570</address>
					<city>Jefferson City</city>
					<state>MO</state>
					<postal>65102-0570</postal>
					<country>USA</country>
				</cntaddr>
				<cntvoice>(573) 522-5654</cntvoice>
				<cntemail>tracy.schlosse@dhss.mo.gov</cntemail>
				<hours>8-5 M-F</hours>
			</cntinfo>
		</metc>
		<metstdn>FGDC Content Standards for Digital Geospatial Metadata</metstdn>
		<metstdv>FGDC-STD-001-1998</metstdv>
		<mettc>local time</mettc>
		<metextns>
			<onlink>http://www.esri.com/metadata/esriprof80.html</onlink>
			<metprof>ESRI Metadata Profile</metprof>
		</metextns>
		<langmeta Sync="TRUE">en</langmeta><metextns><onlink Sync="TRUE">http://www.esri.com/metadata/esriprof80.html</onlink><metprof Sync="TRUE">ESRI Metadata Profile</metprof></metextns></metainfo>
	<Esri><CreaDate>20080501</CreaDate><CreaTime>14022000</CreaTime><SyncOnce>FALSE</SyncOnce><SyncDate>20090306</SyncDate><SyncTime>13315700</SyncTime><ModDate>20090306</ModDate><ModTime>13315700</ModTime><DataProperties><lineage><Process Name="FeatureClassToFeatureClass_1" ToolSource="C:\Program Files\ArcGIS\ArcToolbox\Toolboxes\Conversion Tools.tbx\FeatureClassToFeatureClass" Date="20080228" Time="162425">FeatureClassToFeatureClass M:\GISADMIN\DataDev\Hospital\HospFeatures.mdb\Hospitals08 M:\GISDATA\Facility hospitals.shp # "FAC_ID FAC_ID true true false 5 Text 0 0 ,First,#,M:\GISADMIN\DataDev\Hospital\HospFeatures.mdb\Hospitals08,FAC_ID,-1,-1;FACILITY FACILITY true true false 75 Text 0 0 ,First,#,M:\GISADMIN\DataDev\Hospital\HospFeatures.mdb\Hospitals08,FACILITY,-1,-1;ADDRESS ADDRESS true true false 50 Text 0 0 ,First,#,M:\GISADMIN\DataDev\Hospital\HospFeatures.mdb\Hospitals08,ADDRESS,-1,-1;CITY CITY true true false 35 Text 0 0 ,First,#,M:\GISADMIN\DataDev\Hospital\HospFeatures.mdb\Hospitals08,CITY,-1,-1;STATE STATE true true false 8 Text 0 0 ,First,#,M:\GISADMIN\DataDev\Hospital\HospFeatures.mdb\Hospitals08,STATE,-1,-1;ZIP ZIP true true false 12 Text 0 0 ,First,#,M:\GISADMIN\DataDev\Hospital\HospFeatures.mdb\Hospitals08,ZIP,-1,-1;COUNTY COUNTY true true false 25 Text 0 0 ,First,#,M:\GISADMIN\DataDev\Hospital\HospFeatures.mdb\Hospitals08,COUNTY,-1,-1;PHONE PHONE true true false 25 Text 0 0 ,First,#,M:\GISADMIN\DataDev\Hospital\HospFeatures.mdb\Hospitals08,PHONE,-1,-1;FAX FAX true true false 25 Text 0 0 ,First,#,M:\GISADMIN\DataDev\Hospital\HospFeatures.mdb\Hospitals08,FAX,-1,-1;ADMIN ADMIN true true false 50 Text 0 0 ,First,#,M:\GISADMIN\DataDev\Hospital\HospFeatures.mdb\Hospitals08,ADMIN,-1,-1;TYPE TYPE true true false 35 Text 0 0 ,First,#,M:\GISADMIN\DataDev\Hospital\HospFeatures.mdb\Hospitals08,TYPE,-1,-1;TOTAL_BEDS TOTAL_BEDS true true false 8 Double 0 0 ,First,#,M:\GISADMIN\DataDev\Hospital\HospFeatures.mdb\Hospitals08,TOTAL_BEDS,-1,-1;MED_SURGIC MED_SURGIC true true false 8 Double 0 0 ,First,#,M:\GISADMIN\DataDev\Hospital\HospFeatures.mdb\Hospitals08,MED_SURGIC,-1,-1;PEDIATRIC PEDIATRIC true true false 8 Double 0 0 ,First,#,M:\GISADMIN\DataDev\Hospital\HospFeatures.mdb\Hospitals08,PEDIATRIC,-1,-1;ICU_CCU ICU_CCU true true false 8 Double 0 0 ,First,#,M:\GISADMIN\DataDev\Hospital\HospFeatures.mdb\Hospitals08,ICU_CCU,-1,-1;ALC_SUB ALC_SUB true true false 8 Double 0 0 ,First,#,M:\GISADMIN\DataDev\Hospital\HospFeatures.mdb\Hospitals08,ALC_SUB,-1,-1;OB OB true true false 8 Double 0 0 ,First,#,M:\GISADMIN\DataDev\Hospital\HospFeatures.mdb\Hospitals08,OB,-1,-1;REHAB REHAB true true false 8 Double 0 0 ,First,#,M:\GISADMIN\DataDev\Hospital\HospFeatures.mdb\Hospitals08,REHAB,-1,-1;PSYCH PSYCH true true false 8 Double 0 0 ,First,#,M:\GISADMIN\DataDev\Hospital\HospFeatures.mdb\Hospitals08,PSYCH,-1,-1;NEO_NAT NEO_NAT true true false 8 Double 0 0 ,First,#,M:\GISADMIN\DataDev\Hospital\HospFeatures.mdb\Hospitals08,NEO_NAT,-1,-1;LTC_BEDS LTC_BEDS true true false 8 Double 0 0 ,First,#,M:\GISADMIN\DataDev\Hospital\HospFeatures.mdb\Hospitals08,LTC_BEDS,-1,-1;LICSUSPEND LICSUSPEND true true false 8 Text 0 0 ,First,#,M:\GISADMIN\DataDev\Hospital\HospFeatures.mdb\Hospitals08,LICSUSPEND,-1,-1;SWINGBEDS SWINGBEDS true true false 8 Text 0 0 ,First,#,M:\GISADMIN\DataDev\Hospital\HospFeatures.mdb\Hospitals08,SWINGBEDS,-1,-1;CRIT_ACC CRIT_ACC true true false 8 Text 0 0 ,First,#,M:\GISADMIN\DataDev\Hospital\HospFeatures.mdb\Hospitals08,CRIT_ACC,-1,-1;PPSREHAB PPSREHAB true true false 8 Text 0 0 ,First,#,M:\GISADMIN\DataDev\Hospital\HospFeatures.mdb\Hospitals08,PPSREHAB,-1,-1;PPSPSYCH PPSPSYCH true true false 8 Text 0 0 ,First,#,M:\GISADMIN\DataDev\Hospital\HospFeatures.mdb\Hospitals08,PPSPSYCH,-1,-1;ACCREDITED ACCREDITED true true false 8 Text 0 0 ,First,#,M:\GISADMIN\DataDev\Hospital\HospFeatures.mdb\Hospitals08,ACCREDITED,-1,-1;ACCREDBODY ACCREDBODY true true false 25 Text 0 0 ,First,#,M:\GISADMIN\DataDev\Hospital\HospFeatures.mdb\Hospitals08,ACCREDBODY,-1,-1;CMS_PROV CMS_PROV true true false 12 Text 0 0 ,First,#,M:\GISADMIN\DataDev\Hospital\HospFeatures.mdb\Hospitals08,CMS_PROV,-1,-1;LIC_START LIC_START true true false 25 Text 0 0 ,First,#,M:\GISADMIN\DataDev\Hospital\HospFeatures.mdb\Hospitals08,LIC_START,-1,-1;LIC_EXP LIC_EXP true true false 25 Text 0 0 ,First,#,M:\GISADMIN\DataDev\Hospital\HospFeatures.mdb\Hospitals08,LIC_EXP,-1,-1;TRAUMATYPE TRAUMATYPE true true false 25 Text 0 0 ,First,#,M:\GISADMIN\DataDev\Hospital\HospFeatures.mdb\Hospitals08,TRAUMATYPE,-1,-1;TRAUMALVL TRAUMALVL true true false 4 Text 0 0 ,First,#,M:\GISADMIN\DataDev\Hospital\HospFeatures.mdb\Hospitals08,TRAUMALVL,-1,-1;EMS_REGION EMS_REGION true true false 15 Text 0 0 ,First,#,M:\GISADMIN\DataDev\Hospital\HospFeatures.mdb\Hospitals08,EMS_REGION,-1,-1;Team Team true true false 25 Text 0 0 ,First,#,M:\GISADMIN\DataDev\Hospital\HospFeatures.mdb\Hospitals08,Team,-1,-1;LATITUDE LATITUDE true true false 8 Double 0 0 ,First,#,M:\GISADMIN\DataDev\Hospital\HospFeatures.mdb\Hospitals08,LATITUDE,-1,-1;LONGITUDE LONGITUDE true true false 8 Double 0 0 ,First,#,M:\GISADMIN\DataDev\Hospital\HospFeatures.mdb\Hospitals08,LONGITUDE,-1,-1" # M:\GISDATA\Facility\hospitals.shp</Process></lineage></DataProperties><MetaID>{79A2A72D-DD6F-451A-B2C6-D4D74774958A}</MetaID></Esri><dataIdInfo><envirDesc Sync="TRUE">Microsoft Windows XP Version 5.1 (Build 2600) Service Pack 3; ESRI ArcCatalog 9.3.1.1850</envirDesc><dataLang><languageCode Sync="TRUE" value="en"></languageCode></dataLang><idCitation><resTitle Sync="TRUE">hospitals</resTitle><presForm><PresFormCd Sync="TRUE" value="005"></PresFormCd></presForm></idCitation><spatRpType><SpatRepTypCd Sync="TRUE" value="001"></SpatRepTypCd></spatRpType><dataExt><geoEle><GeoBndBox esriExtentType="native"><westBL Sync="TRUE">296966.289815</westBL><eastBL Sync="TRUE">806700.820247</eastBL><northBL Sync="TRUE">4481331.120622</northBL><southBL Sync="TRUE">4014110.96054</southBL><exTypeCode Sync="TRUE">1</exTypeCode></GeoBndBox></geoEle></dataExt><geoBox esriExtentType="decdegrees"><westBL Sync="TRUE">-95.394525</westBL><eastBL Sync="TRUE">-89.384772</eastBL><northBL Sync="TRUE">40.48267</northBL><southBL Sync="TRUE">36.223252</southBL><exTypeCode Sync="TRUE">1</exTypeCode></geoBox></dataIdInfo><mdLang><languageCode Sync="TRUE" value="en"></languageCode></mdLang><mdStanName Sync="TRUE">ISO 19115 Geographic Information - Metadata</mdStanName><mdStanVer Sync="TRUE">DIS_ESRI1.0</mdStanVer><mdChar><CharSetCd Sync="TRUE" value="004"></CharSetCd></mdChar><mdHrLv><ScopeCd Sync="TRUE" value="005"></ScopeCd></mdHrLv><mdHrLvName Sync="TRUE">dataset</mdHrLvName><distInfo><distributor><distorTran><onLineSrc><orDesc Sync="TRUE">002</orDesc><linkage Sync="TRUE">file://\\pdseoc2\pd3726$\Critical_Facilities\Health2008\hospitals.shp</linkage><protocol Sync="TRUE">Local Area Network</protocol></onLineSrc><transSize Sync="TRUE">0.004</transSize></distorTran><distorFormat><formatName Sync="TRUE">Shapefile</formatName></distorFormat></distributor></distInfo><refSysInfo><RefSystem><refSysID><identCode Sync="TRUE">NAD_1983_UTM_Zone_15N</identCode></refSysID></RefSystem></refSysInfo><spatRepInfo><VectSpatRep><topLvl><TopoLevCd Sync="TRUE" value="001"></TopoLevCd></topLvl><geometObjs Name="hospitals"><geoObjTyp><GeoObjTypCd Sync="TRUE" value="004"></GeoObjTypCd></geoObjTyp><geoObjCnt Sync="TRUE">162</geoObjCnt></geometObjs></VectSpatRep></spatRepInfo><mdDateSt Sync="TRUE">20090306</mdDateSt></metadata>
