<?xml version="1.0" encoding="ISO-8859-1"?>
<metadata>
	<idinfo>
		<citation>
			<citeinfo>
				<origin>Missouri Dept of Health and Senior Services; GIS Team and Section for Long-Term Care</origin>
				<pubdate>April 11, 2008</pubdate>
				<title>Nursing Homes</title>
				<edition>5</edition>
				<geoform>vector digital data</geoform>
				<onlink>\\DHSSNAS\VOL1\DATABASE\GISADMIN\DataDev\NursingHomes\NursingHomeFeature.mdb</onlink>
				<ftname Sync="TRUE">nurHome08</ftname></citeinfo>
		</citation>
		<descript>
			<abstract>Long Term Care facilities (nursing homes) in Missouri</abstract>
			<purpose>Location of all licensed long term care facilities</purpose>
			<supplinf>Original locations generated using Sagent geocoder, some positions refined by research done at the University of Missouri's Geographic Resources Center in 2004 or by DHSS staff since that time.  Data for Long Term Care facilities is organized by type of care.  Facility locations may appear more than once, with each instance representing a different type of care available at that site.  (This is how the data is stored in the input database.)</supplinf>
			<langdata Sync="TRUE">en</langdata></descript>
		<timeperd>
			<timeinfo>
				<sngdate>
					<caldate>April 2008</caldate>
				</sngdate>
			</timeinfo>
			<current>publication date</current>
		</timeperd>
		<status>
			<progress>Complete</progress>
			<update>Annually</update>
		</status>
		<spdom>
			<bounding>
				<westbc>-97.489600</westbc>
				<eastbc>-97.489544</eastbc>
				<northbc>0.000365</northbc>
				<southbc>0.000325</southbc>
			</bounding>
		</spdom>
		<keywords>
			<theme>
				<themekt>none</themekt>
				<themekey>Nursing Home</themekey>
				<themekey>Long-Term Care</themekey>
				<themekey>Public Health</themekey>
				<themekey>LTC</themekey>
			</theme>
			<place>
				<placekey>State of Missouri</placekey>
			</place>
			<temporal>
				<tempkey>2008</tempkey>
			</temporal>
		</keywords>
		<accconst>None</accconst>
		<useconst>Positional accuracy will vary.</useconst>
		<ptcontac>
			<cntinfo>
				<cntorgp>
					<cntorg>Missouri Department of Health and Senior Services - ITSD</cntorg>
					<cntper>Tracy Schloss</cntper>
				</cntorgp>
				<cntpos>GIS Specialist</cntpos>
				<cntvoice>573-522-5654</cntvoice>
				<cntemail>Tracy.Schloss@dhss.mo.gov</cntemail>
				<hours>M-F 8-5</hours>
			</cntinfo>
		</ptcontac>
		<native>Microsoft Windows XP Version 5.1 (Build 2600) Service Pack 2; ESRI ArcCatalog 9.2.4.1420</native>
		<natvform Sync="TRUE">Shapefile</natvform></idinfo>
	<dataqual>
		<posacc>
			<horizpa>
				<horizpar>Positional accuracy varies.  Some points are geocoded to address, some to a ZIP centroid, some manually placed by road segment and/or orthophoto.</horizpar>
			</horizpa>
			<vertacc>
				<vertaccr>NA</vertaccr>
			</vertacc>
		</posacc>
		<lineage>
			<procstep>
				<procdesc>Excel for 2008 data is imported to Access.  Records compared to 2007 list.  New sites are put in separate file for processing.  Access query is used to combine data from 2008 with the latitude/longitude previously collected.  New table is created.</procdesc>
				<procdate>April 10, 2008</procdate>
			</procstep>
			<procstep>
				<procdesc>File of new sites is processed in ArcMap with the Centrus Geocoder for ArcGIS.  (There were 20.)  Latitude and Longitude coordinates were copied into the new table created in the previous step.  Table is used to generate XY events.</procdesc>
				<procdate>April 11, 2008</procdate>
			</procstep>
			<procstep>
				<procdesc>Sites with a CENT (centroid) code but a full address were reprocessed using ArcGIS's StreetMap USA address locator and US Address Finder Tele Atlas.  See Loc_Code for location method.</procdesc>
				<procdate>April, 2008</procdate>
			</procstep>
			<procstep>
				<procdesc>Addresses that were in counties that had online interactive mapping for their parcels were used to place some points.  See Loc_Code for location method.</procdesc>
				<procdate>April, 2008</procdate>
			</procstep>
			<procstep>
				<procdesc>Counties were added with a spatial join.  Table of coordinates was generated into personal geodatabase file.</procdesc>
				<procdate>April 17, 2008</procdate>
			</procstep>
			<procstep>
				<procdesc>Metadata from 2007 version of this layer edited for 2008.</procdesc>
				<procdate>April 17, 2008</procdate>
			</procstep>
			<procstep>
				<procdesc>Personal geodatabase file exported to shape file format and copied to M:\GISDATA\Facility</procdesc>
				<procdate>April 17, 2008</procdate>
			</procstep>
			<procstep><procdesc Sync="TRUE">Metadata imported.</procdesc><srcused Sync="TRUE">C:\DOCUME~1\schlot\LOCALS~1\Temp\xml31.tmp</srcused><date Sync="TRUE">20080417</date><time Sync="TRUE">10322800</time></procstep><procstep><procdesc Sync="TRUE">Dataset copied.</procdesc><srcused Sync="TRUE">M:\GISADMIN\DataDev\NursingHomes\nurHome08</srcused><date Sync="TRUE">20080501</date><time Sync="TRUE">14210500</time></procstep></lineage>
		<direct>Vector</direct>
		<ptvctinf>
			<sdtsterm>
				<sdtstype>Entity point</sdtstype>
				<ptvctcnt>1161</ptvctcnt>
			</sdtsterm>
		</ptvctinf>
	</dataqual>
	<spref>
		<horizsys>
			<planar>
				<planci>
					<plance>coordinate pair</plance>
					<coordrep>
						<absres>0.001000</absres>
						<ordres>0.001000</ordres>
					</coordrep>
					<plandu>meters</plandu>
				</planci>
				<gridsys><gridsysn Sync="TRUE">Universal Transverse Mercator</gridsysn><utm><utmzone Sync="TRUE">15</utmzone><transmer><sfctrmer Sync="TRUE">0.999600</sfctrmer><longcm Sync="TRUE">-93.000000</longcm><latprjo Sync="TRUE">0.000000</latprjo><feast Sync="TRUE">500000.000000</feast><fnorth Sync="TRUE">0.000000</fnorth></transmer></utm></gridsys></planar>
			<geodetic>
				<horizdn>North American Datum of 1983</horizdn>
				<ellips>Geodetic Reference System 80</ellips>
				<semiaxis>6378137.000000</semiaxis>
				<denflat>298.257222</denflat>
			</geodetic>
			<cordsysn><geogcsn Sync="TRUE">GCS_North_American_1983</geogcsn><projcsn Sync="TRUE">NAD_1983_UTM_Zone_15N</projcsn></cordsysn></horizsys>
	</spref>
	<eainfo>
		<detailed Name="nurHome08">
			<attr>
				<attrlabl>LOC_CODE</attrlabl>
				<attrdef>Accuracy of location generated by the Centrus Geocoder for ArcGIS.</attrdef>
				<attrdomv>
					<edom>
						<edomv>CENT</edomv>
						<edomvd>Location approximated, but centrally located in general vicinity of address.</edomvd>
						<edomvds>DHSS</edomvds>
					</edom>
					<edom>
						<edomv>GEO</edomv>
						<edomvd>Location provided by address matching using Centrus Geocoder for ArcGIS.  Address assigned to a specific location along a road segment.</edomvd>
						<edomvds>DHSS</edomvds>
					</edom>
					<edom>
						<edomv>GEOSM</edomv>
						<edomvd>Location provided by address matching using StreetMap geocoding.  Address assigned to a specific location along a road segment.</edomvd>
					</edom>
					<edom>
						<edomv>GEOTA</edomv>
						<edomvd>Location provided by address matching using Address Finder Tele Atlas.  Address assigned to a specific location along a road segment</edomvd>
					</edom>
					<edom>
						<edomv>GISLOC</edomv>
						<edomvd>Location provided by address matching using county assessors interactive mapping.  Address assigned to a specific parcel</edomvd>
						<edomvds>DHSS</edomvds>
					</edom>
					<edom>
						<edomv>MAP</edomv>
						<edomvd>Location refined using 2006 NAIP Aerial Photography.</edomvd>
						<edomvds>DHSS</edomvds>
					</edom>
				</attrdomv>
			</attr>
			<enttyp>
				<enttypl>nursing home</enttypl>
				<enttypt Sync="TRUE">Feature Class</enttypt><enttypc Sync="TRUE">0</enttypc></enttyp>
			<attr>
				<attrlabl>Shape</attrlabl>
				<attrdef>Feature geometry.</attrdef>
				<attrdefs>ESRI</attrdefs>
				<attrdomv>
					<udom>Coordinates defining the features.</udom>
				</attrdomv>
			</attr>
			<attr>
				<attrlabl>Loc_ID</attrlabl>
				<attrdef>Site ID.  This id is the first 5 characters of the facility ID.  Location ID that are duplicated identify facilities that have more than one type of care offered at at the same address.</attrdef>
				<attrdefs>DHSS</attrdefs>
				<attrtype Sync="TRUE">String</attrtype><attwidth Sync="TRUE">254</attwidth></attr>
			<attr><attrlabl Sync="TRUE">FID</attrlabl><attalias Sync="TRUE">FID</attalias><attrtype Sync="TRUE">String</attrtype><attwidth Sync="TRUE">16</attwidth><attrdef Sync="TRUE">Internal feature number.</attrdef><attrdefs Sync="TRUE">ESRI</attrdefs><attrdomv><udom Sync="TRUE">Sequential unique whole numbers that are automatically generated.</udom></attrdomv></attr><attr><attrlabl Sync="TRUE">Facility</attrlabl><attalias Sync="TRUE">Facility</attalias><attrtype Sync="TRUE">String</attrtype><attwidth Sync="TRUE">50</attwidth></attr><attr><attrlabl Sync="TRUE">Address</attrlabl><attalias Sync="TRUE">Address</attalias><attrtype Sync="TRUE">String</attrtype><attwidth Sync="TRUE">50</attwidth></attr><attr><attrlabl Sync="TRUE">City</attrlabl><attalias Sync="TRUE">City</attalias><attrtype Sync="TRUE">String</attrtype><attwidth Sync="TRUE">20</attwidth></attr><attr>
				<attrlabl>Fac_ID</attrlabl>
				<attrdef>Unique ID assigned by Section for Long Term Care in the ASPEN database</attrdef>
				<attrdefs>Section for Long-Term Care</attrdefs>
				<attrtype Sync="TRUE">String</attrtype><attwidth Sync="TRUE">2</attwidth></attr>
			<attr><attrlabl Sync="TRUE">State</attrlabl><attalias Sync="TRUE">State</attalias><attrtype Sync="TRUE">String</attrtype><attwidth Sync="TRUE">11</attwidth></attr><attr>
				<attrlabl>FACILITY</attrlabl>
				<attrdef>Name of the Long-Term Care facility, Aspen</attrdef>
				<attrdefs>Section for Long-Term Care</attrdefs>
				<attrtype Sync="TRUE">String</attrtype><attwidth Sync="TRUE">25</attwidth></attr>
			<attr>
				<attrlabl>ADDRESS</attrlabl>
				<attrdef>Address from the LTC database, Aspen</attrdef>
				<attrdefs>Section for Long-Term Care</attrdefs>
				<attrtype Sync="TRUE">String</attrtype><attwidth Sync="TRUE">29</attwidth></attr>
			<attr><attrlabl Sync="TRUE">County</attrlabl><attalias Sync="TRUE">County</attalias><attrtype Sync="TRUE">Number</attrtype><attwidth Sync="TRUE">9</attwidth></attr><attr><attrlabl Sync="TRUE">Latitude</attrlabl><attalias Sync="TRUE">Latitude</attalias><attrtype Sync="TRUE">Float</attrtype><attwidth Sync="TRUE">13</attwidth><atnumdec Sync="TRUE">11</atnumdec></attr><attr><attrlabl Sync="TRUE">Longitude</attrlabl><attalias Sync="TRUE">Longitude</attalias><attrtype Sync="TRUE">Float</attrtype><attwidth Sync="TRUE">19</attwidth><atnumdec Sync="TRUE">11</atnumdec></attr><attr>
				<attrlabl>CITY</attrlabl>
				<attrdef>The mailing city for the facility, Aspen</attrdef>
				<attrdefs>Section for Long-Term Care</attrdefs>
				<attrtype Sync="TRUE">String</attrtype><attwidth Sync="TRUE">8</attwidth></attr>
			<attr>
				<attrlabl>STATE</attrlabl>
				<attrdef>The state where the facility is located</attrdef>
				<attrdefs>Section for Long-Term Care</attrdefs>
			</attr>
			<attr>
				<attrlabl>ZIP</attrlabl>
				<attrdef>The ZIP code for the facility, Aspen</attrdef>
				<attrdefs>Section for Long-Term Care</attrdefs>
			</attr>
			<attr>
				<attrlabl>COUNTY</attrlabl>
				<attrdef>The county the facility is located within</attrdef>
				<attrdefs>DHSS, ITSD</attrdefs>
			</attr>
			<attr>
				<attrlabl>SubType</attrlabl>
				<attrdef>Code for level of care provided</attrdef>
				<attrdefs>Section for Long-Term Care</attrdefs>
				<attrdomv>
					<edom>
						<edomv>ALF I (licensed)</edomv>
						<edomvd>An ALF 1 facility provides 24-hour care, services and protective oversight to residents who are provided with shelter and board, and who may need assistance with activities of daily living which include eating, dressing, bathing, toileting, transferring and walking. This level of care also provides oversight for storage, distribution, or administration of medications; and health care supervision under the direction of a licensed physician, and consistent with a social model of care. A social model of care includes long-term care services based on the abilities, desires, and functional needs of individuals delivered in a setting that is more home-like than institutional and which promotes the dignity, privacy, independence, and autonomy of the individual. This type of facility may accept or retain residents who are able to evacuate the facility with minimal assistance. A licensed Nursing Home Administrator is required.</edomvd>
						<edomvds>DHSS, Section for Long Term Care</edomvds>
					</edom>
					<edom>
						<edomv>ALF II (licensed)</edomv>
						<edomvd>An ALF 2 facility provides 24-hour care, services and protective oversight to residents who are provided with shelter and board, and who may need assistance with activities of daily living which include eating, dressing, bathing, toileting, transferring and walking. This level of care also provides oversight for storage, distribution, or administration of medications; and health care supervision under the direction of a licensed physician, and consistent with a social model of care. A social model of care includes long-term care services based on the abilities, desires, and functional needs of individuals delivered in a setting that is more home-like than institutional and which promotes the dignity, privacy, independence, and autonomy of the individual. A licensed Nursing Home Administrator is required. This type of facility may accept or retain residents with an impairment that prevents their safe evacuation with minimal assistance only if the facility meets certain staffing requirements to assist in evacuations and must include an individualized evacuation plan in the resident's service plan.</edomvd>
						<edomvds>DHSS, Section for Long Term Care</edomvds>
					</edom>
					<edom>
						<edomv>ICF (licensed)</edomv>
						<edomvd>An Intermediate Care Facility (ICF) provides 24-hour accommodation, board, personal care, and basic health and nursing care services under the daily supervision of a licensed nurse and direction of a licensed physician to three or more residents dependent for care and supervision. A licensed Nursing Home Administrator is required.</edomvd>
						<edomvds>DHSS</edomvds>
					</edom>
					<edom>
						<edomv>RCF I(licensed)</edomv>
						<edomvd>A Residential Care Facility I (RCFI) provides shelter, board and protective oversight; this may mean it keeps and distributes medications and provides care during short-term illnesses or recuperation.  Residents who live in an RCF are required to make a path to safety unassisted. A licensed Nursing Home Administrator is not required.</edomvd>
						<edomvds>DHSS</edomvds>
					</edom>
					<edom>
						<edomv>RCF II(licensed)</edomv>
						<edomvd>Besides the services provided by a RCF I facility, a Residential Care Facility II (RCFII) provides additional services, including supervision of diets and assistance with personal care.  Residents who live in an RCF II are required to make a path to safety unassisted. A licensed Nursing Home Administrator is required.</edomvd>
						<edomvds>DHSS</edomvds>
					</edom>
					<edom>
						<edomv>SNF (licensed)</edomv>
						<edomvd>A Skilled Nursing Facility (SNF) provides board, skilled nursing care and treatment services commonly performed by or under the supervision of a registered professional nurse. Individuals living in an SNF require twenty-four hour care and other specialized nursing services.</edomvd>
						<edomvds>DHSS</edomvds>
					</edom>
					<edom>
						<edomv>SNF only</edomv>
						<edomvd>A Skilled Nursing Facility (SNF) provides board, skilled nursing care and treatment services commonly performed by or under the supervision of a registered professional nurse. Individuals living in an SNF require twenty-four hour care and other specialized nursing services.</edomvd>
						<edomvds>DHSS</edomvds>
					</edom>
					<edom>
						<edomv>SNF/NF distinct part</edomv>
						<edomvd>Services are offered in a different section or building from other types.  A Skilled Nursing Facility (SNF) provides board, skilled nursing care and treatment services commonly performed by or under the supervision of a registered professional nurse. Individuals living in an SNF require twenty-four hour care and other specialized nursing services.</edomvd>
						<edomvds>DHSS</edomvds>
					</edom>
					<edom>
						<edomv>SNF/NF dual cert</edomv>
						<edomvd>Certified for both skilled nursing or intermediate care. A Skilled Nursing Facility (SNF) provides board, skilled nursing care and treatment services commonly performed by or under the supervision of a registered professional nurse. Individuals living in an SNF require twenty-four hour care and other specialized nursing services.</edomvd>
						<edomvds>DHSS</edomvds>
					</edom>
					<edom>
						<edomv>NF only</edomv>
						<edomvd>A federal term used to identify a facility certified under Medicaid. The facility may be an intermediate care or a skilled nursing facility.</edomvd>
						<edomvds>DHSS and Medicaid</edomvds>
					</edom>
				</attrdomv>
			</attr>
			<attr>
				<attrlabl>Total_Beds</attrlabl>
				<attrdef>Total number of beds licensed for the subtype listed.</attrdef>
			</attr>
			<attr>
				<attrlabl>LATITUDE</attrlabl>
				<attrdef>Latitude in decimal degrees, NAD83</attrdef>
				<attrdefs>DHSS</attrdefs>
			</attr>
			<attr>
				<attrlabl>LONGITUDE</attrlabl>
				<attrdef>Longitude in decimal degrees, NAD83</attrdef>
			</attr>
			<attr><attrlabl Sync="TRUE">Loc_Code</attrlabl><attalias Sync="TRUE">Loc_Code</attalias><attrtype Sync="TRUE">String</attrtype><attwidth Sync="TRUE">8</attwidth><atprecis Sync="TRUE">0</atprecis><attscale Sync="TRUE">0</attscale></attr></detailed>
	</eainfo>
	<distinfo>
		<resdesc>Downloadable Data</resdesc>
		<stdorder>
			<digform>
				<digtinfo>
					<transize>0.031</transize>
					<dssize Sync="TRUE">0.000</dssize></digtinfo>
			</digform>
		</stdorder>
	</distinfo>
	<metainfo>
		<metd>20080417</metd>
		<metc>
			<cntinfo>
				<cntorgp>
					<cntorg>Missouri Department of Health and Senior Services - ITSD</cntorg>
					<cntper>Tracy Schloss</cntper>
				</cntorgp>
				<cntpos>GIS Specialist</cntpos>
				<cntaddr>
					<addrtype>mailing and physical address</addrtype>
					<address>920 Wildwood Dr.</address>
					<address>P.O. Box 570</address>
					<city>Jefferson City</city>
					<state>MO</state>
					<postal>65109</postal>
					<country>USA</country>
				</cntaddr>
				<cntvoice>573-522-5654</cntvoice>
				<cntemail>tracy.schloss@dhss.mo.gov</cntemail>
			</cntinfo>
		</metc>
		<metstdn>FGDC Content Standards for Digital Geospatial Metadata</metstdn>
		<metstdv>FGDC-STD-001-1998</metstdv>
		<mettc>local time</mettc>
		<metextns>
			<onlink>http://www.esri.com/metadata/esriprof80.html</onlink>
			<metprof>ESRI Metadata Profile</metprof>
		</metextns>
		<langmeta Sync="TRUE">en</langmeta><metextns><onlink Sync="TRUE">http://www.esri.com/metadata/esriprof80.html</onlink><metprof Sync="TRUE">ESRI Metadata Profile</metprof></metextns></metainfo>
	<Esri><CreaDate>20080501</CreaDate><CreaTime>14210500</CreaTime><SyncOnce>FALSE</SyncOnce><SyncDate>20080501</SyncDate><SyncTime>14203200</SyncTime><ModDate>20080501</ModDate><ModTime>14203200</ModTime><DataProperties><lineage><Process Name="FeatureClassToFeatureClass_1" ToolSource="C:\Program Files\ArcGIS\ArcToolbox\Toolboxes\Conversion Tools.tbx\FeatureClassToFeatureClass" Date="20080501" Time="142039">FeatureClassToFeatureClass M:\GISADMIN\DataDev\NursingHomes\NursingHomeFeature.mdb\NurHome08 M:\GISADMIN\DataDev\NursingHomes nurHome08.shp # "Loc_ID Loc_ID true true false 255 Text 0 0 ,First,#,M:\GISADMIN\DataDev\NursingHomes\NursingHomeFeature.mdb\NurHome08,Loc_ID,-1,-1;Fac_ID Fac_ID true true false 16 Text 0 0 ,First,#,M:\GISADMIN\DataDev\NursingHomes\NursingHomeFeature.mdb\NurHome08,Fac_ID,-1,-1;Facility Facility true true false 50 Text 0 0 ,First,#,M:\GISADMIN\DataDev\NursingHomes\NursingHomeFeature.mdb\NurHome08,Facility,-1,-1;Address Address true true false 50 Text 0 0 ,First,#,M:\GISADMIN\DataDev\NursingHomes\NursingHomeFeature.mdb\NurHome08,Address,-1,-1;City City true true false 20 Text 0 0 ,First,#,M:\GISADMIN\DataDev\NursingHomes\NursingHomeFeature.mdb\NurHome08,City,-1,-1;State State true true false 2 Text 0 0 ,First,#,M:\GISADMIN\DataDev\NursingHomes\NursingHomeFeature.mdb\NurHome08,State,-1,-1;ZIP ZIP true true false 11 Text 0 0 ,First,#,M:\GISADMIN\DataDev\NursingHomes\NursingHomeFeature.mdb\NurHome08,ZIP,-1,-1;County County true true false 25 Text 0 0 ,First,#,M:\GISADMIN\DataDev\NursingHomes\NursingHomeFeature.mdb\NurHome08,County,-1,-1;SubType SubType true true false 29 Text 0 0 ,First,#,M:\GISADMIN\DataDev\NursingHomes\NursingHomeFeature.mdb\NurHome08,SubType,-1,-1;Total_Beds Total_Beds true true false 4 Long 0 0 ,First,#,M:\GISADMIN\DataDev\NursingHomes\NursingHomeFeature.mdb\NurHome08,Total_Beds,-1,-1;Latitude Latitude true true false 4 Float 0 0 ,First,#,M:\GISADMIN\DataDev\NursingHomes\NursingHomeFeature.mdb\NurHome08,Latitude,-1,-1;Longitude Longitude true true false 8 Double 0 0 ,First,#,M:\GISADMIN\DataDev\NursingHomes\NursingHomeFeature.mdb\NurHome08,Longitude,-1,-1;Loc_Code Loc_Code true true false 8 Text 0 0 ,First,#,M:\GISADMIN\DataDev\NursingHomes\NursingHomeFeature.mdb\NurHome08,Loc_Code,-1,-1" # M:\GISADMIN\DataDev\NursingHomes\nurHome08.shp</Process></lineage></DataProperties><MetaID>{13F22310-CFC5-4DD5-8CBD-3C90270CEBC7}</MetaID></Esri><dataIdInfo><envirDesc Sync="TRUE">Microsoft Windows XP Version 5.1 (Build 2600) Service Pack 2; ESRI ArcCatalog 9.2.4.1420</envirDesc><dataLang><languageCode Sync="TRUE" value="en"></languageCode></dataLang><idCitation><resTitle Sync="TRUE">nurHome08</resTitle><presForm><PresFormCd Sync="TRUE" value="005"></PresFormCd></presForm></idCitation><spatRpType><SpatRepTypCd Sync="TRUE" value="001"></SpatRepTypCd></spatRpType></dataIdInfo><mdLang><languageCode Sync="TRUE" value="en"></languageCode></mdLang><mdStanName Sync="TRUE">ISO 19115 Geographic Information - Metadata</mdStanName><mdStanVer Sync="TRUE">DIS_ESRI1.0</mdStanVer><mdChar><CharSetCd Sync="TRUE" value="004"></CharSetCd></mdChar><mdHrLv><ScopeCd Sync="TRUE" value="005"></ScopeCd></mdHrLv><mdHrLvName Sync="TRUE">dataset</mdHrLvName><distInfo><distributor><distorTran><onLineSrc><orDesc Sync="TRUE">002</orDesc><linkage Sync="TRUE">file://\\DHSSNAS\VOL1\DATABASE\GISDATA\Facility\nurHome08</linkage><protocol Sync="TRUE">Local Area Network</protocol></onLineSrc><transSize Sync="TRUE">0.000</transSize></distorTran><distorFormat><formatName Sync="TRUE">Shapefile</formatName></distorFormat></distributor></distInfo><spdoinfo><direct Sync="TRUE">Vector</direct><ptvctinf><esriterm Name="nurHome08"><efeatyp Sync="TRUE">Simple</efeatyp><efeageom Sync="TRUE">Point</efeageom><esritopo Sync="TRUE">FALSE</esritopo><efeacnt Sync="TRUE">0</efeacnt><spindex Sync="TRUE">FALSE</spindex><linrefer Sync="TRUE">FALSE</linrefer></esriterm><sdtsterm Name="nurHome08"><sdtstype Sync="TRUE">Entity point</sdtstype><ptvctcnt Sync="TRUE">0</ptvctcnt></sdtsterm></ptvctinf></spdoinfo><refSysInfo><RefSystem><refSysID><identCode Sync="TRUE">NAD_1983_UTM_Zone_15N</identCode></refSysID></RefSystem></refSysInfo><spatRepInfo><VectSpatRep><topLvl><TopoLevCd Sync="TRUE" value="001"></TopoLevCd></topLvl><geometObjs Name="nurHome08"><geoObjTyp><GeoObjTypCd Sync="TRUE" value="004"></GeoObjTypCd></geoObjTyp><geoObjCnt Sync="TRUE">0</geoObjCnt></geometObjs></VectSpatRep></spatRepInfo><mdDateSt Sync="TRUE">20080501</mdDateSt></metadata>
